Tiempo (s),Se√±al (V),Fecha y Hora
0.0,0.8304455995094031,2025-04-04 11:32:31
0.1001001001001001,0.8278740423265845,2025-04-04 11:32:31
0.2002002002002002,0.8256239297916181,2025-04-04 11:32:31
0.3003003003003003,0.8253024851437658,2025-04-04 11:32:31
0.4004004004004004,0.8236952619045042,2025-04-04 11:32:31
0.5005005005005005,0.8343029352836311,2025-04-04 11:32:31
0.6006006006006006,0.8416961621842347,2025-04-04 11:32:31
0.7007007007007008,0.8407318282406777,2025-04-04 11:32:31
0.8008008008008008,0.8320528227486648,2025-04-04 11:32:31
0.9009009009009009,0.8243381512002088,2025-04-04 11:32:31
1.001001001001001,0.8220880386652425,2025-04-04 11:32:31
1.1011011011011012,0.8214451493695378,2025-04-04 11:32:31
1.2012012012012012,0.8230523726087995,2025-04-04 11:32:31
1.3013013013013013,0.8240167065523565,2025-04-04 11:32:31
1.4014014014014016,0.8233738172566518,2025-04-04 11:32:31
1.5015015015015016,0.8349458245793357,2025-04-04 11:32:31
1.6016016016016017,0.8371959371143021,2025-04-04 11:32:31
1.7017017017017018,0.8285169316222891,2025-04-04 11:32:31
1.8018018018018018,0.8275525976787321,2025-04-04 11:32:31
1.9019019019019021,0.8256239297916181,2025-04-04 11:32:31
2.002002002002002,0.8249810404959135,2025-04-04 11:32:31
2.1021021021021022,0.8246595958480611,2025-04-04 11:32:31
2.2022022022022023,0.8384817157057114,2025-04-04 11:32:31
2.3023023023023024,0.84105327288853,2025-04-04 11:32:31
2.4024024024024024,0.8375173817621544,2025-04-04 11:32:31
2.5025025025025025,0.8272311530308798,2025-04-04 11:32:31
2.6026026026026026,0.8227309279609472,2025-04-04 11:32:31
2.702702702702703,0.8217665940173902,2025-04-04 11:32:31
2.802802802802803,0.8224094833130948,2025-04-04 11:32:31
2.902902902902903,0.8236952619045042,2025-04-04 11:32:31
3.0030030030030033,0.8243381512002088,2025-04-04 11:32:31
3.1031031031031033,0.8240167065523565,2025-04-04 11:32:31
3.2032032032032034,0.8375173817621544,2025-04-04 11:32:31
3.3033033033033035,0.8317313781008124,2025-04-04 11:32:31
3.4034034034034035,0.8288383762701415,2025-04-04 11:32:31
3.5035035035035036,0.8272311530308798,2025-04-04 11:32:31
3.6036036036036037,0.8259453744394705,2025-04-04 11:32:31
3.7037037037037037,0.8240167065523565,2025-04-04 11:32:31
3.8038038038038042,0.8288383762701415,2025-04-04 11:32:31
3.9039039039039043,0.8413747175363824,2025-04-04 11:32:31
4.004004004004004,0.8413747175363824,2025-04-04 11:32:31
4.104104104104104,0.8346243799314834,2025-04-04 11:32:31
4.2042042042042045,0.8249810404959135,2025-04-04 11:32:31
4.3043043043043046,0.8220880386652425,2025-04-04 11:32:31
4.404404404404405,0.8217665940173902,2025-04-04 11:32:31
4.504504504504505,0.8227309279609472,2025-04-04 11:32:31
4.604604604604605,0.8240167065523565,2025-04-04 11:32:31
4.704704704704705,0.8243381512002088,2025-04-04 11:32:31
4.804804804804805,0.8310884888051078,2025-04-04 11:32:31
4.904904904904905,0.8381602710578591,2025-04-04 11:32:31
5.005005005005005,0.8294812655658461,2025-04-04 11:32:31
5.105105105105105,0.8275525976787321,2025-04-04 11:32:31
5.205205205205205,0.8262668190873228,2025-04-04 11:32:31
5.305305305305305,0.8253024851437658,2025-04-04 11:32:31
5.405405405405406,0.8233738172566518,2025-04-04 11:32:31
5.505505505505506,0.8352672692271881,2025-04-04 11:32:31
5.605605605605606,0.8413747175363824,2025-04-04 11:32:31
5.705705705705706,0.8391246050014161,2025-04-04 11:32:31
5.805805805805806,0.8294812655658461,2025-04-04 11:32:31
5.9059059059059065,0.8224094833130948,2025-04-04 11:32:31
6.0060060060060065,0.8211237047216855,2025-04-04 11:32:31
6.106106106106107,0.8214451493695378,2025-04-04 11:32:31
6.206206206206207,0.8230523726087995,2025-04-04 11:32:31
6.306306306306307,0.8236952619045042,2025-04-04 11:32:31
6.406406406406407,0.8236952619045042,2025-04-04 11:32:31
6.506506506506507,0.8365530478185974,2025-04-04 11:32:31
6.606606606606607,0.8336600459879264,2025-04-04 11:32:31
6.706706706706707,0.8281954869744368,2025-04-04 11:32:31
6.806806806806807,0.8269097083830275,2025-04-04 11:32:31
6.906906906906907,0.8249810404959135,2025-04-04 11:32:31
7.007007007007007,0.8246595958480611,2025-04-04 11:32:31
7.107107107107107,0.8243381512002088,2025-04-04 11:32:31
7.207207207207207,0.8384817157057114,2025-04-04 11:32:31
7.307307307307307,0.8416961621842347,2025-04-04 11:32:31
7.407407407407407,0.8355887138750404,2025-04-04 11:32:31
7.507507507507508,0.8259453744394705,2025-04-04 11:32:31
7.6076076076076085,0.8217665940173902,2025-04-04 11:32:31
7.7077077077077085,0.8208022600738332,2025-04-04 11:32:31
7.807807807807809,0.8220880386652425,2025-04-04 11:32:31
7.907907907907909,0.8230523726087995,2025-04-04 11:32:31
8.008008008008009,0.8233738172566518,2025-04-04 11:32:31
8.108108108108109,0.8230523726087995,2025-04-04 11:32:31
8.208208208208209,0.8368744924664497,2025-04-04 11:32:31
8.308308308308309,0.8301241548615508,2025-04-04 11:32:31
8.408408408408409,0.8275525976787321,2025-04-04 11:32:31
8.508508508508509,0.8256239297916181,2025-04-04 11:32:31
8.608608608608609,0.8243381512002088,2025-04-04 11:32:31
8.70870870870871,0.8227309279609472,2025-04-04 11:32:31
8.80880880880881,0.8256239297916181,2025-04-04 11:32:31
8.90890890890891,0.8394460496492684,2025-04-04 11:32:31
9.00900900900901,0.840088938944973,2025-04-04 11:32:31
9.10910910910911,0.8317313781008124,2025-04-04 11:32:31
9.20920920920921,0.8224094833130948,2025-04-04 11:32:31
9.30930930930931,0.8204808154259808,2025-04-04 11:32:31
9.40940940940941,0.8204808154259808,2025-04-04 11:32:31
9.50950950950951,0.8211237047216855,2025-04-04 11:32:31
9.60960960960961,0.8227309279609472,2025-04-04 11:32:31
9.70970970970971,0.8224094833130948,2025-04-04 11:32:31
9.80980980980981,0.8301241548615508,2025-04-04 11:32:31
9.90990990990991,0.8362316031707451,2025-04-04 11:32:31
10.01001001001001,0.8269097083830275,2025-04-04 11:32:31
10.11011011011011,0.8249810404959135,2025-04-04 11:32:31
10.21021021021021,0.8233738172566518,2025-04-04 11:32:31
10.31031031031031,0.8227309279609472,2025-04-04 11:32:31
10.41041041041041,0.8201593707781285,2025-04-04 11:32:31
10.51051051051051,0.8330171566922218,2025-04-04 11:32:31
10.61061061061061,0.8391246050014161,2025-04-04 11:32:31
10.710710710710712,0.8352672692271881,2025-04-04 11:32:31
10.810810810810812,0.8259453744394705,2025-04-04 11:32:31
10.910910910910912,0.8191950368345715,2025-04-04 11:32:31
11.011011011011012,0.8175878135953099,2025-04-04 11:32:31
11.111111111111112,0.8182307028910145,2025-04-04 11:32:31
11.211211211211213,0.8191950368345715,2025-04-04 11:32:31
11.311311311311313,0.8198379261302762,2025-04-04 11:32:31
11.411411411411413,0.8188735921867192,2025-04-04 11:32:31
11.511511511511513,0.8310884888051078,2025-04-04 11:32:31
11.611611611611613,0.8291598209179938,2025-04-04 11:32:31
11.711711711711713,0.8233738172566518,2025-04-04 11:32:31
11.811811811811813,0.8220880386652425,2025-04-04 11:32:31
11.911911911911913,0.8208022600738332,2025-04-04 11:32:31
12.012012012012013,0.8195164814824238,2025-04-04 11:32:31
12.112112112112113,0.8188735921867192,2025-04-04 11:32:31
12.212212212212213,0.8166234796517529,2025-04-04 11:32:31
12.312312312312313,0.8333386013400741,2025-04-04 11:32:31
12.412412412412413,0.8272311530308798,2025-04-04 11:32:31
12.512512512512513,0.8179092582431622,2025-04-04 11:32:31
12.612612612612613,0.8143733671167865,2025-04-04 11:32:31
12.712712712712714,0.8150162564124912,2025-04-04 11:32:31
12.812812812812814,0.8150162564124912,2025-04-04 11:32:31
12.912912912912914,0.8169449242996052,2025-04-04 11:32:31
13.013013013013014,0.8169449242996052,2025-04-04 11:32:31
13.113113113113114,0.8208022600738332,2025-04-04 11:32:31
13.213213213213214,0.8304455995094031,2025-04-04 11:32:31
13.313313313313314,0.8233738172566518,2025-04-04 11:32:31
13.413413413413414,0.8198379261302762,2025-04-04 11:32:31
13.513513513513514,0.8182307028910145,2025-04-04 11:32:31
13.613613613613614,0.8175878135953099,2025-04-04 11:32:31
13.713713713713714,0.8153377010603435,2025-04-04 11:32:31
13.813813813813814,0.8201593707781285,2025-04-04 11:32:31
13.913913913913914,0.8326957120443694,2025-04-04 11:32:31
14.014014014014014,0.8310884888051078,2025-04-04 11:32:31
14.114114114114114,0.8233738172566518,2025-04-04 11:32:31
14.214214214214214,0.8140519224689342,2025-04-04 11:32:31
14.314314314314315,0.8118018099339679,2025-04-04 11:32:31
14.414414414414415,0.8114803652861156,2025-04-04 11:32:31
14.514514514514515,0.8130875885253772,2025-04-04 11:32:31
14.614614614614615,0.8134090331732295,2025-04-04 11:32:31
14.714714714714715,0.8130875885253772,2025-04-04 11:32:31
14.814814814814815,0.8230523726087995,2025-04-04 11:32:31
14.914914914914915,0.8272311530308798,2025-04-04 11:32:31
15.015015015015017,0.8175878135953099,2025-04-04 11:32:31
15.115115115115117,0.8156591457081959,2025-04-04 11:32:31
15.215215215215217,0.8146948117646389,2025-04-04 11:32:31
15.315315315315317,0.8127661438775249,2025-04-04 11:32:31
15.415415415415417,0.8101945866947062,2025-04-04 11:32:31
15.515515515515517,0.8243381512002088,2025-04-04 11:32:31
15.615615615615617,0.8281954869744368,2025-04-04 11:32:31
15.715715715715717,0.8246595958480611,2025-04-04 11:32:31
15.815815815815817,0.8153377010603435,2025-04-04 11:32:31
15.915915915915917,0.8089088081032969,2025-04-04 11:32:31
16.016016016016017,0.8066586955683306,2025-04-04 11:32:31
16.116116116116117,0.8073015848640352,2025-04-04 11:32:31
16.216216216216218,0.8082659188075922,2025-04-04 11:32:31
16.316316316316318,0.8085873634554446,2025-04-04 11:32:31
16.416416416416418,0.8076230295118876,2025-04-04 11:32:31
16.516516516516518,0.8211237047216855,2025-04-04 11:32:31
16.616616616616618,0.8156591457081959,2025-04-04 11:32:31
16.716716716716718,0.8118018099339679,2025-04-04 11:32:31
16.816816816816818,0.8108374759904109,2025-04-04 11:32:31
16.916916916916918,0.8089088081032969,2025-04-04 11:32:31
17.017017017017018,0.8073015848640352,2025-04-04 11:32:31
17.117117117117118,0.8092302527511492,2025-04-04 11:32:31
17.217217217217218,0.8230523726087995,2025-04-04 11:32:31
17.31731731731732,0.8240167065523565,2025-04-04 11:32:31
17.41741741741742,0.8172663689474575,2025-04-04 11:32:31
17.51751751751752,0.8073015848640352,2025-04-04 11:32:31
17.61761761761762,0.8037656937376596,2025-04-04 11:32:31
17.71771771771772,0.8037656937376596,2025-04-04 11:32:31
17.81781781781782,0.8040871383855119,2025-04-04 11:32:31
17.91791791791792,0.8040871383855119,2025-04-04 11:32:31
18.01801801801802,0.8056943616247736,2025-04-04 11:32:31
18.11811811811812,0.8118018099339679,2025-04-04 11:32:31
18.21821821821822,0.8195164814824238,2025-04-04 11:32:31
18.31831831831832,0.8101945866947062,2025-04-04 11:32:31
18.41841841841842,0.8085873634554446,2025-04-04 11:32:31
18.51851851851852,0.8076230295118876,2025-04-04 11:32:31
18.61861861861862,0.8056943616247736,2025-04-04 11:32:31
18.71871871871872,0.8037656937376596,2025-04-04 11:32:31
18.81881881881882,0.8114803652861156,2025-04-04 11:32:31
18.91891891891892,0.8217665940173902,2025-04-04 11:32:31
19.01901901901902,0.8195164814824238,2025-04-04 11:32:31
19.11911911911912,0.8118018099339679,2025-04-04 11:32:31
19.21921921921922,0.8028013597941026,2025-04-04 11:32:31
19.31931931931932,0.8018370258505456,2025-04-04 11:32:31
19.41941941941942,0.8015155812026933,2025-04-04 11:32:31
19.51951951951952,0.802158470498398,2025-04-04 11:32:31
19.61961961961962,0.8031228044419549,2025-04-04 11:32:31
19.71971971971972,0.8028013597941026,2025-04-04 11:32:31
19.81981981981982,0.8150162564124912,2025-04-04 11:32:31
19.91991991991992,0.8140519224689342,2025-04-04 11:32:31
20.02002002002002,0.8076230295118876,2025-04-04 11:32:31
20.12012012012012,0.8063372509204783,2025-04-04 11:32:31
20.22022022022022,0.8050514723290689,2025-04-04 11:32:31
20.32032032032032,0.8037656937376596,2025-04-04 11:32:31
20.42042042042042,0.8028013597941026,2025-04-04 11:32:31
20.52052052052052,0.8169449242996052,2025-04-04 11:32:31
20.62062062062062,0.8204808154259808,2025-04-04 11:32:31
20.72072072072072,0.8150162564124912,2025-04-04 11:32:31
20.82082082082082,0.8060158062726259,2025-04-04 11:32:31
20.92092092092092,0.7999083579634316,2025-04-04 11:32:31
21.02102102102102,0.7989440240198746,2025-04-04 11:32:31
21.12112112112112,0.7999083579634316,2025-04-04 11:32:31
21.22122122122122,0.801194136554841,2025-04-04 11:32:31
21.32132132132132,0.802158470498398,2025-04-04 11:32:31
21.421421421421424,0.8073015848640352,2025-04-04 11:32:31
21.521521521521525,0.8159805903560482,2025-04-04 11:32:31
21.621621621621625,0.8079444741597399,2025-04-04 11:32:31
21.721721721721725,0.8063372509204783,2025-04-04 11:32:31
21.821821821821825,0.8047300276812166,2025-04-04 11:32:31
21.921921921921925,0.8034442490898073,2025-04-04 11:32:31
22.022022022022025,0.8015155812026933,2025-04-04 11:32:31
22.122122122122125,0.8079444741597399,2025-04-04 11:32:31
22.222222222222225,0.8188735921867192,2025-04-04 11:32:31
22.322322322322325,0.8182307028910145,2025-04-04 11:32:31
22.422422422422425,0.8118018099339679,2025-04-04 11:32:31
22.522522522522525,0.8015155812026933,2025-04-04 11:32:31
22.622622622622625,0.7995869133155793,2025-04-04 11:32:31
22.722722722722725,0.7986225793720223,2025-04-04 11:32:31
22.822822822822825,0.7995869133155793,2025-04-04 11:32:31
22.922922922922925,0.8008726919069886,2025-04-04 11:32:31
23.023023023023026,0.801194136554841,2025-04-04 11:32:31
23.123123123123126,0.8095516973990016,2025-04-04 11:32:31
23.223223223223226,0.8121232545818202,2025-04-04 11:32:31
23.323323323323326,0.8060158062726259,2025-04-04 11:32:31
23.423423423423426,0.8050514723290689,2025-04-04 11:32:31
23.523523523523526,0.8034442490898073,2025-04-04 11:32:31
23.623623623623626,0.8028013597941026,2025-04-04 11:32:31
23.723723723723726,0.801194136554841,2025-04-04 11:32:31
23.823823823823826,0.8143733671167865,2025-04-04 11:32:31
23.923923923923926,0.8188735921867192,2025-04-04 11:32:31
24.024024024024026,0.8150162564124912,2025-04-04 11:32:31
24.124124124124126,0.8050514723290689,2025-04-04 11:32:31
24.224224224224226,0.7989440240198746,2025-04-04 11:32:31
24.324324324324326,0.7976582454284653,2025-04-04 11:32:31
24.424424424424426,0.7979796900763176,2025-04-04 11:32:31
24.524524524524526,0.7989440240198746,2025-04-04 11:32:31
24.624624624624627,0.800229802611284,2025-04-04 11:32:31
24.724724724724727,0.799265468667727,2025-04-04 11:32:31
24.824824824824827,0.8137304778210819,2025-04-04 11:32:31
24.924924924924927,0.8079444741597399,2025-04-04 11:32:31
25.025025025025027,0.8047300276812166,2025-04-04 11:32:31
25.125125125125127,0.8040871383855119,2025-04-04 11:32:31
25.225225225225227,0.802158470498398,2025-04-04 11:32:31
25.325325325325327,0.8015155812026933,2025-04-04 11:32:31
25.425425425425427,0.8018370258505456,2025-04-04 11:32:31
25.525525525525527,0.8169449242996052,2025-04-04 11:32:31
25.625625625625627,0.8175878135953099,2025-04-04 11:32:31
25.725725725725727,0.8111589206382632,2025-04-04 11:32:31
25.825825825825827,0.8015155812026933,2025-04-04 11:32:31
25.925925925925927,0.7979796900763176,2025-04-04 11:32:31
26.026026026026027,0.7970153561327606,2025-04-04 11:32:31
26.126126126126128,0.79830113472417,2025-04-04 11:32:31
26.226226226226228,0.799265468667727,2025-04-04 11:32:31
26.326326326326328,0.800229802611284,2025-04-04 11:32:31
26.426426426426428,0.8079444741597399,2025-04-04 11:32:31
26.526526526526528,0.8130875885253772,2025-04-04 11:32:31
26.626626626626628,0.8060158062726259,2025-04-04 11:32:31
26.726726726726728,0.8040871383855119,2025-04-04 11:32:31
26.826826826826828,0.8028013597941026,2025-04-04 11:32:31
26.926926926926928,0.8015155812026933,2025-04-04 11:32:31
27.027027027027028,0.8005512472591363,2025-04-04 11:32:31
27.127127127127128,0.8066586955683306,2025-04-04 11:32:31
27.227227227227228,0.8182307028910145,2025-04-04 11:32:31
27.32732732732733,0.8159805903560482,2025-04-04 11:32:31
27.42742742742743,0.8092302527511492,2025-04-04 11:32:31
27.52752752752753,0.800229802611284,2025-04-04 11:32:31
27.62762762762763,0.7976582454284653,2025-04-04 11:32:31
27.72772772772773,0.797336800780613,2025-04-04 11:32:31
27.82782782782783,0.7989440240198746,2025-04-04 11:32:31
27.92792792792793,0.7989440240198746,2025-04-04 11:32:31
28.02802802802803,0.7999083579634316,2025-04-04 11:32:31
28.12812812812813,0.8127661438775249,2025-04-04 11:32:31
28.22822822822823,0.8085873634554446,2025-04-04 11:32:31
28.32832832832833,0.8050514723290689,2025-04-04 11:32:31
28.42842842842843,0.8044085830333643,2025-04-04 11:32:31
28.52852852852853,0.8031228044419549,2025-04-04 11:32:31
28.62862862862863,0.8015155812026933,2025-04-04 11:32:31
28.72872872872873,0.8005512472591363,2025-04-04 11:32:31
28.82882882882883,0.8146948117646389,2025-04-04 11:32:31
28.92892892892893,0.8182307028910145,2025-04-04 11:32:31
29.02902902902903,0.8140519224689342,2025-04-04 11:32:31
29.12912912912913,0.8047300276812166,2025-04-04 11:32:31
29.22922922922923,0.7986225793720223,2025-04-04 11:32:31
29.32932932932933,0.7976582454284653,2025-04-04 11:32:31
29.42942942942943,0.7986225793720223,2025-04-04 11:32:31
29.52952952952953,0.7995869133155793,2025-04-04 11:32:31
29.62962962962963,0.800229802611284,2025-04-04 11:32:31
29.72972972972973,0.8047300276812166,2025-04-04 11:32:31
29.82982982982983,0.8146948117646389,2025-04-04 11:32:31
29.929929929929934,0.8073015848640352,2025-04-04 11:32:31
30.030030030030034,0.8053729169769213,2025-04-04 11:32:31
30.130130130130134,0.8044085830333643,2025-04-04 11:32:31
30.230230230230234,0.8031228044419549,2025-04-04 11:32:31
30.330330330330334,0.8015155812026933,2025-04-04 11:32:31
30.430430430430434,0.8024799151462503,2025-04-04 11:32:31
30.530530530530534,0.8172663689474575,2025-04-04 11:32:31
30.630630630630634,0.8179092582431622,2025-04-04 11:32:31
30.730730730730734,0.8111589206382632,2025-04-04 11:32:31
30.830830830830834,0.801194136554841,2025-04-04 11:32:31
30.930930930930934,0.79830113472417,2025-04-04 11:32:31
31.031031031031034,0.7979796900763176,2025-04-04 11:32:31
31.131131131131134,0.7989440240198746,2025-04-04 11:32:31
31.231231231231234,0.7995869133155793,2025-04-04 11:32:31
31.331331331331334,0.800229802611284,2025-04-04 11:32:31
31.431431431431434,0.8111589206382632,2025-04-04 11:32:31
31.531531531531535,0.8098731420468539,2025-04-04 11:32:31
31.631631631631635,0.8056943616247736,2025-04-04 11:32:31
31.731731731731735,0.8044085830333643,2025-04-04 11:32:31
31.831831831831835,0.8031228044419549,2025-04-04 11:32:31
31.931931931931935,0.8024799151462503,2025-04-04 11:32:31
32.032032032032035,0.801194136554841,2025-04-04 11:32:31
32.132132132132135,0.8101945866947062,2025-04-04 11:32:31
32.232232232232235,0.8182307028910145,2025-04-04 11:32:31
32.332332332332335,0.8153377010603435,2025-04-04 11:32:31
32.432432432432435,0.8073015848640352,2025-04-04 11:32:31
32.532532532532535,0.799265468667727,2025-04-04 11:32:31
32.632632632632635,0.7976582454284653,2025-04-04 11:32:31
32.732732732732735,0.797336800780613,2025-04-04 11:32:31
32.832832832832835,0.7986225793720223,2025-04-04 11:32:31
32.932932932932935,0.799265468667727,2025-04-04 11:32:31
33.033033033033036,0.799265468667727,2025-04-04 11:32:31
33.133133133133136,0.8111589206382632,2025-04-04 11:32:31
33.233233233233236,0.8073015848640352,2025-04-04 11:32:31
33.333333333333336,0.8037656937376596,2025-04-04 11:32:31
33.433433433433436,0.8034442490898073,2025-04-04 11:32:31
33.533533533533536,0.8024799151462503,2025-04-04 11:32:31
33.633633633633636,0.8015155812026933,2025-04-04 11:32:31
33.733733733733736,0.800229802611284,2025-04-04 11:32:31
33.833833833833836,0.8076230295118876,2025-04-04 11:32:31
33.933933933933936,0.8175878135953099,2025-04-04 11:32:31
34.034034034034036,0.8130875885253772,2025-04-04 11:32:31
34.134134134134136,0.8037656937376596,2025-04-04 11:32:31
34.234234234234236,0.7976582454284653,2025-04-04 11:32:31
34.334334334334336,0.7966939114849083,2025-04-04 11:32:31
34.434434434434436,0.7970153561327606,2025-04-04 11:32:31
34.53453453453454,0.7976582454284653,2025-04-04 11:32:31
34.63463463463464,0.7986225793720223,2025-04-04 11:32:31
34.73473473473474,0.7979796900763176,2025-04-04 11:32:31
34.83483483483484,0.8089088081032969,2025-04-04 11:32:31
34.93493493493494,0.8037656937376596,2025-04-04 11:32:31
35.03503503503504,0.8024799151462503,2025-04-04 11:32:31
35.13513513513514,0.8018370258505456,2025-04-04 11:32:31
35.23523523523524,0.8008726919069886,2025-04-04 11:32:31
35.33533533533534,0.8008726919069886,2025-04-04 11:32:31
35.43543543543544,0.799265468667727,2025-04-04 11:32:31
35.53553553553554,0.8124446992296726,2025-04-04 11:32:31
35.63563563563564,0.8169449242996052,2025-04-04 11:32:31
35.73573573573574,0.8098731420468539,2025-04-04 11:32:31
35.83583583583584,0.8005512472591363,2025-04-04 11:32:31
35.93593593593594,0.7976582454284653,2025-04-04 11:32:31
36.03603603603604,0.796372466837056,2025-04-04 11:32:31
36.13613613613614,0.7976582454284653,2025-04-04 11:32:31
36.23623623623624,0.7976582454284653,2025-04-04 11:32:31
36.33633633633634,0.7986225793720223,2025-04-04 11:32:31
36.43643643643644,0.8085873634554446,2025-04-04 11:32:31
36.53653653653654,0.8047300276812166,2025-04-04 11:32:31
36.63663663663664,0.8028013597941026,2025-04-04 11:32:31
36.73673673673674,0.8024799151462503,2025-04-04 11:32:31
36.83683683683684,0.8018370258505456,2025-04-04 11:32:31
36.93693693693694,0.8015155812026933,2025-04-04 11:32:31
37.03703703703704,0.800229802611284,2025-04-04 11:32:31
37.13713713713714,0.8005512472591363,2025-04-04 11:32:31
37.23723723723724,0.8166234796517529,2025-04-04 11:32:31
37.33733733733734,0.8143733671167865,2025-04-04 11:32:31
37.43743743743744,0.8047300276812166,2025-04-04 11:32:31
37.53753753753754,0.7979796900763176,2025-04-04 11:32:31
37.63763763763764,0.7970153561327606,2025-04-04 11:32:31
37.73773773773774,0.796372466837056,2025-04-04 11:32:31
37.83783783783784,0.7966939114849083,2025-04-04 11:32:31
37.93793793793794,0.7979796900763176,2025-04-04 11:32:31
38.03803803803804,0.7966939114849083,2025-04-04 11:32:31
38.13813813813814,0.8076230295118876,2025-04-04 11:32:31
38.23823823823824,0.8037656937376596,2025-04-04 11:32:31
38.33833833833834,0.802158470498398,2025-04-04 11:32:31
38.43843843843844,0.8015155812026933,2025-04-04 11:32:31
38.53853853853854,0.801194136554841,2025-04-04 11:32:31
38.63863863863864,0.800229802611284,2025-04-04 11:32:31
38.73873873873874,0.7999083579634316,2025-04-04 11:32:31
38.83883883883884,0.8047300276812166,2025-04-04 11:32:31
38.93893893893894,0.8156591457081959,2025-04-04 11:32:31
39.03903903903904,0.8089088081032969,2025-04-04 11:32:31
39.13913913913914,0.799265468667727,2025-04-04 11:32:31
39.23923923923924,0.7960510221892036,2025-04-04 11:32:31
39.33933933933934,0.7957295775413513,2025-04-04 11:32:31
39.43943943943944,0.7960510221892036,2025-04-04 11:32:31
39.53953953953954,0.7970153561327606,2025-04-04 11:32:31
39.63963963963964,0.796372466837056,2025-04-04 11:32:31
39.73973973973974,0.8060158062726259,2025-04-04 11:32:31
39.83983983983984,0.8037656937376596,2025-04-04 11:32:31
39.93993993993994,0.8018370258505456,2025-04-04 11:32:31
40.04004004004004,0.8008726919069886,2025-04-04 11:32:31
40.14014014014014,0.800229802611284,2025-04-04 11:32:31
40.24024024024024,0.800229802611284,2025-04-04 11:32:31
40.34034034034034,0.799265468667727,2025-04-04 11:32:31
40.44044044044044,0.7986225793720223,2025-04-04 11:32:31
40.54054054054054,0.8130875885253772,2025-04-04 11:32:31
40.64064064064064,0.8121232545818202,2025-04-04 11:32:31
40.74074074074074,0.8034442490898073,2025-04-04 11:32:31
40.84084084084084,0.7966939114849083,2025-04-04 11:32:31
40.94094094094094,0.7947652435977943,2025-04-04 11:32:31
41.04104104104104,0.7950866882456467,2025-04-04 11:32:31
41.14114114114114,0.795408132893499,2025-04-04 11:32:31
41.24124124124124,0.7960510221892036,2025-04-04 11:32:31
41.34134134134134,0.796372466837056,2025-04-04 11:32:31
41.44144144144144,0.8082659188075922,2025-04-04 11:32:31
41.54154154154154,0.8018370258505456,2025-04-04 11:32:31
41.64164164164164,0.8005512472591363,2025-04-04 11:32:31
41.74174174174174,0.8008726919069886,2025-04-04 11:32:31
41.84184184184184,0.800229802611284,2025-04-04 11:32:31
41.94194194194194,0.7995869133155793,2025-04-04 11:32:31
42.04204204204204,0.7989440240198746,2025-04-04 11:32:31
42.14214214214214,0.799265468667727,2025-04-04 11:32:31
42.24224224224224,0.8146948117646389,2025-04-04 11:32:31
42.34234234234234,0.8098731420468539,2025-04-04 11:32:31
42.44244244244244,0.7999083579634316,2025-04-04 11:32:31
42.54254254254254,0.7966939114849083,2025-04-04 11:32:31
42.64264264264264,0.795408132893499,2025-04-04 11:32:31
42.74274274274275,0.795408132893499,2025-04-04 11:32:31
42.84284284284285,0.796372466837056,2025-04-04 11:32:31
42.94294294294295,0.7970153561327606,2025-04-04 11:32:31
43.04304304304305,0.7966939114849083,2025-04-04 11:32:31
43.14314314314315,0.8066586955683306,2025-04-04 11:32:31
43.24324324324325,0.8031228044419549,2025-04-04 11:32:31
43.34334334334335,0.802158470498398,2025-04-04 11:32:31
43.44344344344345,0.8015155812026933,2025-04-04 11:32:31
43.54354354354355,0.8008726919069886,2025-04-04 11:32:31
43.64364364364365,0.800229802611284,2025-04-04 11:32:31
43.74374374374375,0.799265468667727,2025-04-04 11:32:31
43.84384384384385,0.8076230295118876,2025-04-04 11:32:31
43.94394394394395,0.8163020350039005,2025-04-04 11:32:31
44.04404404404405,0.8098731420468539,2025-04-04 11:32:31
44.14414414414415,0.7999083579634316,2025-04-04 11:32:31
44.24424424424425,0.7970153561327606,2025-04-04 11:32:31
44.34434434434435,0.7960510221892036,2025-04-04 11:32:31
44.44444444444445,0.7966939114849083,2025-04-04 11:32:31
44.54454454454455,0.7970153561327606,2025-04-04 11:32:31
44.64464464464465,0.7979796900763176,2025-04-04 11:32:31
44.74474474474475,0.8037656937376596,2025-04-04 11:32:31
44.84484484484485,0.8053729169769213,2025-04-04 11:32:31
44.94494494494495,0.8028013597941026,2025-04-04 11:32:31
45.04504504504505,0.8034442490898073,2025-04-04 11:32:31
45.14514514514515,0.802158470498398,2025-04-04 11:32:31
45.24524524524525,0.8018370258505456,2025-04-04 11:32:31
45.34534534534535,0.8008726919069886,2025-04-04 11:32:31
45.44544544544545,0.8005512472591363,2025-04-04 11:32:31
45.54554554554555,0.8143733671167865,2025-04-04 11:32:31
45.64564564564565,0.8153377010603435,2025-04-04 11:32:31
45.74574574574575,0.8069801402161829,2025-04-04 11:32:31
45.84584584584585,0.799265468667727,2025-04-04 11:32:31
45.94594594594595,0.7970153561327606,2025-04-04 11:32:31
46.04604604604605,0.7970153561327606,2025-04-04 11:32:31
46.14614614614615,0.7979796900763176,2025-04-04 11:32:31
46.24624624624625,0.79830113472417,2025-04-04 11:32:31
46.34634634634635,0.79830113472417,2025-04-04 11:32:31
46.44644644644645,0.8095516973990016,2025-04-04 11:32:31
46.54654654654655,0.8053729169769213,2025-04-04 11:32:31
46.64664664664665,0.8034442490898073,2025-04-04 11:32:31
46.74674674674675,0.8031228044419549,2025-04-04 11:32:31
46.84684684684685,0.802158470498398,2025-04-04 11:32:31
46.94694694694695,0.8015155812026933,2025-04-04 11:32:31
47.04704704704705,0.8008726919069886,2025-04-04 11:32:31
47.14714714714715,0.802158470498398,2025-04-04 11:32:31
47.24724724724725,0.8175878135953099,2025-04-04 11:32:31
47.34734734734735,0.8150162564124912,2025-04-04 11:32:31
47.44744744744745,0.8060158062726259,2025-04-04 11:32:31
47.54754754754755,0.7986225793720223,2025-04-04 11:32:31
47.64764764764765,0.797336800780613,2025-04-04 11:32:31
47.74774774774775,0.7970153561327606,2025-04-04 11:32:31
47.84784784784785,0.797336800780613,2025-04-04 11:32:31
47.94794794794795,0.7979796900763176,2025-04-04 11:32:31
48.04804804804805,0.7976582454284653,2025-04-04 11:32:31
48.14814814814815,0.8108374759904109,2025-04-04 11:32:31
48.24824824824825,0.8040871383855119,2025-04-04 11:32:31
48.34834834834835,0.8031228044419549,2025-04-04 11:32:31
48.44844844844845,0.802158470498398,2025-04-04 11:32:31
48.54854854854855,0.802158470498398,2025-04-04 11:32:31
48.64864864864865,0.8005512472591363,2025-04-04 11:32:31
48.74874874874875,0.8008726919069886,2025-04-04 11:32:31
48.84884884884885,0.8085873634554446,2025-04-04 11:32:31
48.94894894894895,0.8172663689474575,2025-04-04 11:32:31
49.04904904904905,0.8114803652861156,2025-04-04 11:32:31
49.14914914914915,0.8015155812026933,2025-04-04 11:32:31
49.24924924924925,0.7979796900763176,2025-04-04 11:32:31
49.34934934934935,0.7966939114849083,2025-04-04 11:32:31
49.44944944944945,0.7970153561327606,2025-04-04 11:32:31
49.54954954954955,0.7976582454284653,2025-04-04 11:32:31
49.64964964964965,0.7979796900763176,2025-04-04 11:32:31
49.74974974974975,0.8031228044419549,2025-04-04 11:32:31
49.84984984984985,0.8063372509204783,2025-04-04 11:32:31
49.94994994994995,0.8031228044419549,2025-04-04 11:32:31
50.050050050050054,0.8028013597941026,2025-04-04 11:32:31
50.150150150150154,0.8015155812026933,2025-04-04 11:32:31
50.250250250250254,0.801194136554841,2025-04-04 11:32:31
50.350350350350354,0.800229802611284,2025-04-04 11:32:31
50.450450450450454,0.7999083579634316,2025-04-04 11:32:31
50.550550550550554,0.8146948117646389,2025-04-04 11:32:31
50.650650650650654,0.8150162564124912,2025-04-04 11:32:31
50.750750750750754,0.8073015848640352,2025-04-04 11:32:31
50.850850850850854,0.799265468667727,2025-04-04 11:32:31
50.950950950950954,0.7960510221892036,2025-04-04 11:32:31
51.051051051051054,0.7960510221892036,2025-04-04 11:32:31
51.151151151151154,0.7960510221892036,2025-04-04 11:32:31
51.251251251251254,0.7970153561327606,2025-04-04 11:32:31
51.351351351351354,0.797336800780613,2025-04-04 11:32:31
51.451451451451454,0.8079444741597399,2025-04-04 11:32:31
51.551551551551555,0.8040871383855119,2025-04-04 11:32:31
51.651651651651655,0.802158470498398,2025-04-04 11:32:31
51.751751751751755,0.8015155812026933,2025-04-04 11:32:31
51.851851851851855,0.8015155812026933,2025-04-04 11:32:31
51.951951951951955,0.800229802611284,2025-04-04 11:32:31
52.052052052052055,0.7989440240198746,2025-04-04 11:32:31
52.152152152152155,0.8005512472591363,2025-04-04 11:32:31
52.252252252252255,0.8163020350039005,2025-04-04 11:32:31
52.352352352352355,0.8127661438775249,2025-04-04 11:32:31
52.452452452452455,0.8040871383855119,2025-04-04 11:32:31
52.552552552552555,0.7970153561327606,2025-04-04 11:32:31
52.652652652652655,0.795408132893499,2025-04-04 11:32:31
52.752752752752755,0.7957295775413513,2025-04-04 11:32:31
52.852852852852855,0.7966939114849083,2025-04-04 11:32:31
52.952952952952955,0.7966939114849083,2025-04-04 11:32:31
53.053053053053056,0.796372466837056,2025-04-04 11:32:31
53.153153153153156,0.8092302527511492,2025-04-04 11:32:31
53.253253253253256,0.8028013597941026,2025-04-04 11:32:31
53.353353353353356,0.802158470498398,2025-04-04 11:32:31
53.453453453453456,0.801194136554841,2025-04-04 11:32:31
53.553553553553556,0.8008726919069886,2025-04-04 11:32:31
53.653653653653656,0.799265468667727,2025-04-04 11:32:31
53.753753753753756,0.79830113472417,2025-04-04 11:32:31
53.853853853853856,0.8079444741597399,2025-04-04 11:32:31
53.953953953953956,0.8153377010603435,2025-04-04 11:32:31
54.054054054054056,0.8092302527511492,2025-04-04 11:32:31
54.154154154154156,0.7995869133155793,2025-04-04 11:32:31
54.254254254254256,0.796372466837056,2025-04-04 11:32:31
54.354354354354356,0.7950866882456467,2025-04-04 11:32:31
54.454454454454456,0.7960510221892036,2025-04-04 11:32:31
54.55455455455456,0.7960510221892036,2025-04-04 11:32:31
54.65465465465466,0.7966939114849083,2025-04-04 11:32:31
54.75475475475476,0.8031228044419549,2025-04-04 11:32:31
54.85485485485486,0.8050514723290689,2025-04-04 11:32:31
54.95495495495496,0.8018370258505456,2025-04-04 11:32:31
55.05505505505506,0.8008726919069886,2025-04-04 11:32:31
55.15515515515516,0.8005512472591363,2025-04-04 11:32:31
55.25525525525526,0.799265468667727,2025-04-04 11:32:31
55.35535535535536,0.7986225793720223,2025-04-04 11:32:31
55.45545545545546,0.7979796900763176,2025-04-04 11:32:31
55.55555555555556,0.8130875885253772,2025-04-04 11:32:31
55.65565565565566,0.8140519224689342,2025-04-04 11:32:31
55.75575575575576,0.8063372509204783,2025-04-04 11:32:31
55.85585585585586,0.7976582454284653,2025-04-04 11:32:31
55.95595595595596,0.7957295775413513,2025-04-04 11:32:31
56.05605605605606,0.7957295775413513,2025-04-04 11:32:31
56.15615615615616,0.795408132893499,2025-04-04 11:32:31
56.25625625625626,0.7966939114849083,2025-04-04 11:32:31
56.35635635635636,0.7966939114849083,2025-04-04 11:32:31
56.45645645645646,0.8076230295118876,2025-04-04 11:32:31
56.55655655655656,0.8034442490898073,2025-04-04 11:32:31
56.65665665665666,0.8018370258505456,2025-04-04 11:32:31
56.75675675675676,0.8008726919069886,2025-04-04 11:32:31
56.85685685685686,0.7999083579634316,2025-04-04 11:32:31
56.95695695695696,0.7995869133155793,2025-04-04 11:32:31
57.05705705705706,0.7989440240198746,2025-04-04 11:32:31
57.15715715715716,0.7995869133155793,2025-04-04 11:32:31
57.25725725725726,0.8156591457081959,2025-04-04 11:32:31
57.35735735735736,0.8111589206382632,2025-04-04 11:32:31
57.45745745745746,0.801194136554841,2025-04-04 11:32:31
57.55755755755756,0.7960510221892036,2025-04-04 11:32:31
57.65765765765766,0.7950866882456467,2025-04-04 11:32:31
57.75775775775776,0.7957295775413513,2025-04-04 11:32:31
57.85785785785786,0.7960510221892036,2025-04-04 11:32:31
57.95795795795796,0.7976582454284653,2025-04-04 11:32:31
58.05805805805806,0.7970153561327606,2025-04-04 11:32:31
58.15815815815816,0.8101945866947062,2025-04-04 11:32:31
58.25825825825826,0.8037656937376596,2025-04-04 11:32:31
58.35835835835836,0.802158470498398,2025-04-04 11:32:31
58.45845845845846,0.8015155812026933,2025-04-04 11:32:31
58.55855855855856,0.800229802611284,2025-04-04 11:32:31
58.65865865865866,0.800229802611284,2025-04-04 11:32:31
58.75875875875876,0.7989440240198746,2025-04-04 11:32:31
58.85885885885886,0.8092302527511492,2025-04-04 11:32:31
58.95895895895896,0.8159805903560482,2025-04-04 11:32:31
59.05905905905906,0.8098731420468539,2025-04-04 11:32:31
59.15915915915916,0.799265468667727,2025-04-04 11:32:31
59.25925925925926,0.7966939114849083,2025-04-04 11:32:31
59.35935935935936,0.795408132893499,2025-04-04 11:32:31
59.45945945945946,0.796372466837056,2025-04-04 11:32:31
59.55955955955956,0.7976582454284653,2025-04-04 11:32:31
59.65965965965966,0.79830113472417,2025-04-04 11:32:31
59.75975975975976,0.8050514723290689,2025-04-04 11:32:31
59.85985985985987,0.8056943616247736,2025-04-04 11:32:31
59.95995995995997,0.8024799151462503,2025-04-04 11:32:31
60.06006006006007,0.8031228044419549,2025-04-04 11:32:31
60.16016016016017,0.801194136554841,2025-04-04 11:32:31
60.26026026026027,0.8018370258505456,2025-04-04 11:32:31
60.36036036036037,0.8008726919069886,2025-04-04 11:32:31
60.46046046046047,0.7999083579634316,2025-04-04 11:32:31
60.56056056056057,0.8156591457081959,2025-04-04 11:32:31
60.66066066066067,0.8159805903560482,2025-04-04 11:32:31
60.76076076076077,0.8079444741597399,2025-04-04 11:32:31
60.86086086086087,0.7999083579634316,2025-04-04 11:32:31
60.96096096096097,0.7976582454284653,2025-04-04 11:32:31
61.06106106106107,0.7976582454284653,2025-04-04 11:32:31
61.16116116116117,0.7989440240198746,2025-04-04 11:32:31
61.26126126126127,0.800229802611284,2025-04-04 11:32:31
61.36136136136137,0.7999083579634316,2025-04-04 11:32:31
61.46146146146147,0.8114803652861156,2025-04-04 11:32:31
61.56156156156157,0.8069801402161829,2025-04-04 11:32:31
61.66166166166167,0.8050514723290689,2025-04-04 11:32:31
61.76176176176177,0.8044085830333643,2025-04-04 11:32:31
61.86186186186187,0.8034442490898073,2025-04-04 11:32:31
61.96196196196197,0.8034442490898073,2025-04-04 11:32:31
62.06206206206207,0.8024799151462503,2025-04-04 11:32:31
62.16216216216217,0.8031228044419549,2025-04-04 11:32:31
62.26226226226227,0.8188735921867192,2025-04-04 11:32:31
62.36236236236237,0.8150162564124912,2025-04-04 11:32:31
62.46246246246247,0.8047300276812166,2025-04-04 11:32:31
62.56256256256257,0.7999083579634316,2025-04-04 11:32:31
62.66266266266267,0.7989440240198746,2025-04-04 11:32:31
62.76276276276277,0.799265468667727,2025-04-04 11:32:31
62.86286286286287,0.800229802611284,2025-04-04 11:32:31
62.96296296296297,0.8005512472591363,2025-04-04 11:32:31
63.06306306306307,0.8015155812026933,2025-04-04 11:32:31
63.16316316316317,0.8124446992296726,2025-04-04 11:32:31
63.26326326326327,0.8073015848640352,2025-04-04 11:32:31
63.36336336336337,0.8053729169769213,2025-04-04 11:32:31
63.46346346346347,0.8053729169769213,2025-04-04 11:32:31
63.56356356356357,0.8050514723290689,2025-04-04 11:32:31
63.66366366366367,0.8037656937376596,2025-04-04 11:32:31
63.76376376376377,0.8031228044419549,2025-04-04 11:32:31
63.86386386386387,0.8146948117646389,2025-04-04 11:32:31
63.96396396396397,0.8204808154259808,2025-04-04 11:32:31
64.06406406406407,0.8143733671167865,2025-04-04 11:32:31
64.16416416416416,0.8050514723290689,2025-04-04 11:32:31
64.26426426426427,0.8008726919069886,2025-04-04 11:32:31
64.36436436436436,0.8005512472591363,2025-04-04 11:32:31
64.46446446446447,0.8005512472591363,2025-04-04 11:32:31
64.56456456456456,0.8024799151462503,2025-04-04 11:32:31
64.66466466466467,0.8024799151462503,2025-04-04 11:32:31
64.76476476476476,0.8101945866947062,2025-04-04 11:32:31
64.86486486486487,0.8101945866947062,2025-04-04 11:32:31
64.96496496496496,0.8073015848640352,2025-04-04 11:32:31
65.06506506506507,0.8066586955683306,2025-04-04 11:32:31
65.16516516516516,0.8066586955683306,2025-04-04 11:32:31
65.26526526526527,0.8056943616247736,2025-04-04 11:32:31
65.36536536536536,0.8050514723290689,2025-04-04 11:32:31
65.46546546546547,0.8047300276812166,2025-04-04 11:32:31
65.56556556556556,0.8204808154259808,2025-04-04 11:32:31
65.66566566566567,0.8208022600738332,2025-04-04 11:32:31
65.76576576576576,0.8127661438775249,2025-04-04 11:32:31
65.86586586586587,0.8040871383855119,2025-04-04 11:32:31
65.96596596596596,0.8018370258505456,2025-04-04 11:32:31
66.06606606606607,0.8015155812026933,2025-04-04 11:32:31
66.16616616616616,0.8034442490898073,2025-04-04 11:32:31
66.26626626626627,0.8044085830333643,2025-04-04 11:32:31
66.36636636636636,0.8040871383855119,2025-04-04 11:32:31
66.46646646646647,0.8166234796517529,2025-04-04 11:32:31
66.56656656656656,0.8111589206382632,2025-04-04 11:32:31
66.66666666666667,0.8092302527511492,2025-04-04 11:32:31
66.76676676676676,0.8085873634554446,2025-04-04 11:32:31
66.86686686686687,0.8082659188075922,2025-04-04 11:32:31
66.96696696696696,0.8063372509204783,2025-04-04 11:32:31
67.06706706706707,0.8066586955683306,2025-04-04 11:32:31
67.16716716716716,0.8079444741597399,2025-04-04 11:32:31
67.26726726726727,0.8243381512002088,2025-04-04 11:32:31
67.36736736736736,0.8198379261302762,2025-04-04 11:32:31
67.46746746746747,0.8098731420468539,2025-04-04 11:32:31
67.56756756756756,0.8050514723290689,2025-04-04 11:32:31
67.66766766766767,0.8034442490898073,2025-04-04 11:32:31
67.76776776776777,0.8034442490898073,2025-04-04 11:32:31
67.86786786786787,0.8047300276812166,2025-04-04 11:32:31
67.96796796796797,0.8056943616247736,2025-04-04 11:32:31
68.06806806806807,0.8040871383855119,2025-04-04 11:32:31
68.16816816816817,0.8156591457081959,2025-04-04 11:32:31
68.26826826826827,0.8111589206382632,2025-04-04 11:32:31
68.36836836836838,0.8095516973990016,2025-04-04 11:32:31
68.46846846846847,0.8089088081032969,2025-04-04 11:32:31
68.56856856856858,0.8092302527511492,2025-04-04 11:32:31
68.66866866866867,0.8082659188075922,2025-04-04 11:32:31
68.76876876876878,0.8069801402161829,2025-04-04 11:32:31
68.86886886886887,0.8179092582431622,2025-04-04 11:32:31
68.96896896896898,0.8240167065523565,2025-04-04 11:32:31
69.06906906906907,0.8172663689474575,2025-04-04 11:32:31
69.16916916916918,0.8073015848640352,2025-04-04 11:32:31
69.26926926926927,0.8044085830333643,2025-04-04 11:32:31
69.36936936936938,0.8037656937376596,2025-04-04 11:32:31
69.46946946946947,0.8047300276812166,2025-04-04 11:32:31
69.56956956956958,0.8053729169769213,2025-04-04 11:32:31
69.66966966966967,0.8063372509204783,2025-04-04 11:32:31
69.76976976976978,0.8137304778210819,2025-04-04 11:32:31
69.86986986986987,0.8130875885253772,2025-04-04 11:32:31
69.96996996996998,0.8101945866947062,2025-04-04 11:32:31
70.07007007007007,0.8095516973990016,2025-04-04 11:32:31
70.17017017017018,0.8089088081032969,2025-04-04 11:32:31
70.27027027027027,0.8082659188075922,2025-04-04 11:32:31
70.37037037037038,0.8079444741597399,2025-04-04 11:32:31
70.47047047047047,0.8066586955683306,2025-04-04 11:32:31
70.57057057057058,0.8227309279609472,2025-04-04 11:32:31
70.67067067067067,0.8214451493695378,2025-04-04 11:32:31
70.77077077077078,0.8137304778210819,2025-04-04 11:32:31
70.87087087087087,0.8060158062726259,2025-04-04 11:32:31
70.97097097097098,0.8034442490898073,2025-04-04 11:32:31
71.07107107107107,0.8040871383855119,2025-04-04 11:32:31
71.17117117117118,0.8044085830333643,2025-04-04 11:32:31
71.27127127127127,0.8060158062726259,2025-04-04 11:32:31
71.37137137137138,0.8056943616247736,2025-04-04 11:32:31
71.47147147147147,0.8179092582431622,2025-04-04 11:32:31
71.57157157157158,0.8127661438775249,2025-04-04 11:32:31
71.67167167167167,0.8105160313425586,2025-04-04 11:32:31
71.77177177177178,0.8095516973990016,2025-04-04 11:32:31
71.87187187187187,0.8092302527511492,2025-04-04 11:32:31
71.97197197197198,0.8082659188075922,2025-04-04 11:32:31
72.07207207207207,0.8073015848640352,2025-04-04 11:32:31
72.17217217217218,0.8114803652861156,2025-04-04 11:32:31
72.27227227227228,0.8243381512002088,2025-04-04 11:32:31
72.37237237237238,0.8195164814824238,2025-04-04 11:32:31
72.47247247247248,0.8105160313425586,2025-04-04 11:32:31
72.57257257257258,0.8060158062726259,2025-04-04 11:32:31
72.67267267267268,0.8034442490898073,2025-04-04 11:32:31
72.77277277277278,0.8047300276812166,2025-04-04 11:32:31
72.87287287287288,0.8053729169769213,2025-04-04 11:32:31
72.97297297297298,0.8063372509204783,2025-04-04 11:32:31
73.07307307307308,0.8082659188075922,2025-04-04 11:32:31
73.17317317317318,0.8153377010603435,2025-04-04 11:32:31
73.27327327327328,0.8118018099339679,2025-04-04 11:32:31
73.37337337337338,0.8105160313425586,2025-04-04 11:32:31
73.47347347347348,0.8101945866947062,2025-04-04 11:32:31
73.57357357357358,0.8098731420468539,2025-04-04 11:32:31
73.67367367367368,0.8085873634554446,2025-04-04 11:32:31
73.77377377377378,0.8082659188075922,2025-04-04 11:32:31
73.87387387387388,0.8195164814824238,2025-04-04 11:32:31
73.97397397397398,0.8249810404959135,2025-04-04 11:32:31
74.07407407407408,0.8179092582431622,2025-04-04 11:32:31
74.17417417417418,0.8082659188075922,2025-04-04 11:32:31
74.27427427427428,0.8060158062726259,2025-04-04 11:32:31
74.37437437437438,0.8040871383855119,2025-04-04 11:32:31
74.47447447447448,0.8047300276812166,2025-04-04 11:32:31
74.57457457457458,0.8063372509204783,2025-04-04 11:32:31
74.67467467467468,0.8063372509204783,2025-04-04 11:32:31
74.77477477477478,0.8140519224689342,2025-04-04 11:32:31
74.87487487487488,0.8134090331732295,2025-04-04 11:32:31
74.97497497497498,0.8108374759904109,2025-04-04 11:32:31
75.07507507507508,0.8105160313425586,2025-04-04 11:32:31
75.17517517517518,0.8101945866947062,2025-04-04 11:32:31
75.27527527527528,0.8089088081032969,2025-04-04 11:32:31
75.37537537537538,0.8079444741597399,2025-04-04 11:32:31
75.47547547547548,0.8076230295118876,2025-04-04 11:32:31
75.57557557557558,0.8233738172566518,2025-04-04 11:32:31
75.67567567567568,0.8217665940173902,2025-04-04 11:32:31
75.77577577577578,0.8134090331732295,2025-04-04 11:32:31
75.87587587587588,0.8056943616247736,2025-04-04 11:32:31
75.97597597597598,0.8034442490898073,2025-04-04 11:32:31
76.07607607607608,0.8040871383855119,2025-04-04 11:32:31
76.17617617617618,0.8047300276812166,2025-04-04 11:32:31
76.27627627627628,0.8050514723290689,2025-04-04 11:32:31
76.37637637637638,0.8053729169769213,2025-04-04 11:32:31
76.47647647647648,0.8179092582431622,2025-04-04 11:32:31
76.57657657657658,0.8111589206382632,2025-04-04 11:32:31
76.67667667667668,0.8101945866947062,2025-04-04 11:32:31
76.77677677677679,0.8089088081032969,2025-04-04 11:32:31
76.87687687687688,0.8085873634554446,2025-04-04 11:32:31
76.97697697697699,0.8079444741597399,2025-04-04 11:32:31
77.07707707707708,0.8073015848640352,2025-04-04 11:32:31
77.17717717717719,0.8101945866947062,2025-04-04 11:32:31
77.27727727727728,0.8236952619045042,2025-04-04 11:32:31
77.37737737737739,0.8185521475388668,2025-04-04 11:32:31
77.47747747747748,0.8085873634554446,2025-04-04 11:32:31
77.57757757757759,0.8047300276812166,2025-04-04 11:32:31
77.67767767767768,0.8031228044419549,2025-04-04 11:32:31
77.77777777777779,0.8034442490898073,2025-04-04 11:32:31
77.87787787787788,0.8040871383855119,2025-04-04 11:32:31
77.97797797797799,0.8044085830333643,2025-04-04 11:32:31
78.07807807807808,0.8034442490898073,2025-04-04 11:32:31
78.17817817817819,0.8146948117646389,2025-04-04 11:32:31
78.27827827827828,0.8105160313425586,2025-04-04 11:32:31
78.37837837837839,0.8095516973990016,2025-04-04 11:32:31
78.47847847847848,0.8089088081032969,2025-04-04 11:32:31
78.57857857857859,0.8085873634554446,2025-04-04 11:32:31
78.67867867867868,0.8076230295118876,2025-04-04 11:32:31
78.77877877877879,0.8073015848640352,2025-04-04 11:32:31
78.87887887887888,0.8195164814824238,2025-04-04 11:32:31
78.97897897897899,0.8227309279609472,2025-04-04 11:32:31
79.07907907907908,0.8163020350039005,2025-04-04 11:32:31
79.17917917917919,0.8056943616247736,2025-04-04 11:32:31
79.27927927927928,0.8034442490898073,2025-04-04 11:32:31
79.37937937937939,0.8031228044419549,2025-04-04 11:32:31
79.47947947947948,0.8037656937376596,2025-04-04 11:32:31
79.57957957957959,0.8050514723290689,2025-04-04 11:32:31
79.67967967967968,0.8050514723290689,2025-04-04 11:32:31
79.77977977977979,0.8143733671167865,2025-04-04 11:32:31
79.87987987987988,0.8130875885253772,2025-04-04 11:32:31
79.97997997997999,0.8098731420468539,2025-04-04 11:32:31
80.08008008008008,0.8092302527511492,2025-04-04 11:32:31
80.18018018018019,0.8079444741597399,2025-04-04 11:32:31
80.28028028028028,0.8076230295118876,2025-04-04 11:32:31
80.38038038038039,0.8069801402161829,2025-04-04 11:32:31
80.48048048048048,0.8060158062726259,2025-04-04 11:32:31
80.58058058058059,0.8224094833130948,2025-04-04 11:32:31
80.68068068068068,0.8208022600738332,2025-04-04 11:32:31
80.78078078078079,0.8127661438775249,2025-04-04 11:32:31
80.88088088088088,0.8050514723290689,2025-04-04 11:32:31
80.98098098098099,0.8031228044419549,2025-04-04 11:32:31
81.08108108108108,0.8031228044419549,2025-04-04 11:32:31
81.18118118118119,0.8037656937376596,2025-04-04 11:32:31
81.28128128128128,0.8053729169769213,2025-04-04 11:32:31
81.38138138138139,0.8044085830333643,2025-04-04 11:32:31
81.48148148148148,0.8175878135953099,2025-04-04 11:32:31
81.58158158158159,0.8108374759904109,2025-04-04 11:32:31
81.68168168168168,0.8098731420468539,2025-04-04 11:32:31
81.78178178178179,0.8085873634554446,2025-04-04 11:32:31
81.88188188188188,0.8079444741597399,2025-04-04 11:32:31
81.98198198198199,0.8076230295118876,2025-04-04 11:32:31
82.08208208208208,0.8066586955683306,2025-04-04 11:32:31
82.18218218218219,0.8121232545818202,2025-04-04 11:32:31
82.28228228228228,0.8233738172566518,2025-04-04 11:32:31
82.38238238238239,0.8188735921867192,2025-04-04 11:32:31
82.48248248248248,0.8085873634554446,2025-04-04 11:32:31
82.58258258258259,0.8044085830333643,2025-04-04 11:32:31
82.68268268268268,0.8024799151462503,2025-04-04 11:32:31
82.78278278278279,0.8037656937376596,2025-04-04 11:32:31
82.88288288288288,0.8040871383855119,2025-04-04 11:32:31
82.98298298298299,0.8047300276812166,2025-04-04 11:32:31
83.08308308308308,0.8076230295118876,2025-04-04 11:32:31
83.18318318318319,0.8146948117646389,2025-04-04 11:32:31
83.28328328328328,0.8101945866947062,2025-04-04 11:32:31
83.38338338338339,0.8089088081032969,2025-04-04 11:32:31
83.48348348348348,0.8082659188075922,2025-04-04 11:32:31
83.58358358358359,0.8073015848640352,2025-04-04 11:32:31
83.68368368368368,0.8066586955683306,2025-04-04 11:32:31
83.78378378378379,0.8056943616247736,2025-04-04 11:32:31
83.88388388388388,0.8198379261302762,2025-04-04 11:32:31
83.98398398398399,0.8220880386652425,2025-04-04 11:32:31
84.08408408408408,0.8146948117646389,2025-04-04 11:32:31
84.18418418418419,0.8056943616247736,2025-04-04 11:32:31
84.28428428428428,0.8028013597941026,2025-04-04 11:32:31
84.38438438438439,0.802158470498398,2025-04-04 11:32:31
84.48448448448448,0.8031228044419549,2025-04-04 11:32:31
84.58458458458459,0.8034442490898073,2025-04-04 11:32:31
84.68468468468468,0.8037656937376596,2025-04-04 11:32:31
84.78478478478479,0.8134090331732295,2025-04-04 11:32:31
84.88488488488488,0.8098731420468539,2025-04-04 11:32:31
84.98498498498499,0.8089088081032969,2025-04-04 11:32:31
85.08508508508508,0.8089088081032969,2025-04-04 11:32:31
85.18518518518519,0.8076230295118876,2025-04-04 11:32:31
85.28528528528528,0.8073015848640352,2025-04-04 11:32:31
85.38538538538539,0.8060158062726259,2025-04-04 11:32:31
85.4854854854855,0.8056943616247736,2025-04-04 11:32:31
85.58558558558559,0.8214451493695378,2025-04-04 11:32:31
85.6856856856857,0.8172663689474575,2025-04-04 11:32:31
85.78578578578579,0.8063372509204783,2025-04-04 11:32:31
85.8858858858859,0.8024799151462503,2025-04-04 11:32:31
85.98598598598599,0.8018370258505456,2025-04-04 11:32:31
86.0860860860861,0.8018370258505456,2025-04-04 11:32:31
86.18618618618619,0.8024799151462503,2025-04-04 11:32:31
86.2862862862863,0.8040871383855119,2025-04-04 11:32:31
86.38638638638639,0.8037656937376596,2025-04-04 11:32:31
86.4864864864865,0.8150162564124912,2025-04-04 11:32:31
86.58658658658659,0.8095516973990016,2025-04-04 11:32:31
86.6866866866867,0.8089088081032969,2025-04-04 11:32:31
86.78678678678679,0.8076230295118876,2025-04-04 11:32:31
86.8868868868869,0.8069801402161829,2025-04-04 11:32:31
86.98698698698699,0.8060158062726259,2025-04-04 11:32:31
87.0870870870871,0.8053729169769213,2025-04-04 11:32:31
87.18718718718719,0.8185521475388668,2025-04-04 11:32:31
87.2872872872873,0.8208022600738332,2025-04-04 11:32:31
87.38738738738739,0.8127661438775249,2025-04-04 11:32:31
87.4874874874875,0.8037656937376596,2025-04-04 11:32:31
87.58758758758759,0.8008726919069886,2025-04-04 11:32:31
87.6876876876877,0.8018370258505456,2025-04-04 11:32:31
87.78778778778779,0.8018370258505456,2025-04-04 11:32:31
87.8878878878879,0.8031228044419549,2025-04-04 11:32:31
87.98798798798799,0.8037656937376596,2025-04-04 11:32:31
88.0880880880881,0.8137304778210819,2025-04-04 11:32:31
88.18818818818819,0.8124446992296726,2025-04-04 11:32:31
88.2882882882883,0.8089088081032969,2025-04-04 11:32:31
88.38838838838839,0.8079444741597399,2025-04-04 11:32:31
88.4884884884885,0.8076230295118876,2025-04-04 11:32:31
88.58858858858859,0.8060158062726259,2025-04-04 11:32:31
88.6886886886887,0.8047300276812166,2025-04-04 11:32:31
88.78878878878879,0.8073015848640352,2025-04-04 11:32:31
88.8888888888889,0.8211237047216855,2025-04-04 11:32:31
88.988988988989,0.8191950368345715,2025-04-04 11:32:31
89.0890890890891,0.8114803652861156,2025-04-04 11:32:31
89.1891891891892,0.8031228044419549,2025-04-04 11:32:31
89.2892892892893,0.8015155812026933,2025-04-04 11:32:31
89.3893893893894,0.8005512472591363,2025-04-04 11:32:31
89.4894894894895,0.8024799151462503,2025-04-04 11:32:31
89.5895895895896,0.8037656937376596,2025-04-04 11:32:31
89.6896896896897,0.8037656937376596,2025-04-04 11:32:31
89.7897897897898,0.8153377010603435,2025-04-04 11:32:31
89.8898898898899,0.8111589206382632,2025-04-04 11:32:31
89.98998998999,0.8085873634554446,2025-04-04 11:32:31
90.0900900900901,0.8089088081032969,2025-04-04 11:32:31
90.1901901901902,0.8066586955683306,2025-04-04 11:32:31
90.2902902902903,0.8060158062726259,2025-04-04 11:32:31
90.3903903903904,0.8044085830333643,2025-04-04 11:32:31
90.4904904904905,0.8146948117646389,2025-04-04 11:32:31
90.5905905905906,0.8214451493695378,2025-04-04 11:32:31
90.6906906906907,0.8175878135953099,2025-04-04 11:32:31
90.7907907907908,0.8073015848640352,2025-04-04 11:32:31
90.8908908908909,0.8018370258505456,2025-04-04 11:32:31
90.990990990991,0.801194136554841,2025-04-04 11:32:31
91.0910910910911,0.801194136554841,2025-04-04 11:32:31
91.1911911911912,0.8024799151462503,2025-04-04 11:32:31
91.2912912912913,0.8037656937376596,2025-04-04 11:32:31
91.3913913913914,0.8040871383855119,2025-04-04 11:32:31
91.4914914914915,0.8175878135953099,2025-04-04 11:32:31
91.5915915915916,0.8114803652861156,2025-04-04 11:32:31
91.6916916916917,0.8095516973990016,2025-04-04 11:32:31
91.7917917917918,0.8082659188075922,2025-04-04 11:32:31
91.8918918918919,0.8066586955683306,2025-04-04 11:32:31
91.991991991992,0.8063372509204783,2025-04-04 11:32:31
92.0920920920921,0.8037656937376596,2025-04-04 11:32:31
92.1921921921922,0.8201593707781285,2025-04-04 11:32:31
92.2922922922923,0.8220880386652425,2025-04-04 11:32:31
92.3923923923924,0.8169449242996052,2025-04-04 11:32:31
92.4924924924925,0.8069801402161829,2025-04-04 11:32:31
92.5925925925926,0.8031228044419549,2025-04-04 11:32:31
92.6926926926927,0.8018370258505456,2025-04-04 11:32:31
92.7927927927928,0.8031228044419549,2025-04-04 11:32:31
92.8928928928929,0.8037656937376596,2025-04-04 11:32:31
92.992992992993,0.8047300276812166,2025-04-04 11:32:31
93.0930930930931,0.8121232545818202,2025-04-04 11:32:31
93.1931931931932,0.8166234796517529,2025-04-04 11:32:31
93.2932932932933,0.8101945866947062,2025-04-04 11:32:31
93.3933933933934,0.8098731420468539,2025-04-04 11:32:31
93.4934934934935,0.8082659188075922,2025-04-04 11:32:31
93.5935935935936,0.8073015848640352,2025-04-04 11:32:31
93.6936936936937,0.8053729169769213,2025-04-04 11:32:31
93.7937937937938,0.8095516973990016,2025-04-04 11:32:31
93.8938938938939,0.8224094833130948,2025-04-04 11:32:31
93.993993993994,0.8211237047216855,2025-04-04 11:32:31
94.0940940940941,0.8134090331732295,2025-04-04 11:32:31
94.1941941941942,0.8047300276812166,2025-04-04 11:32:31
94.2942942942943,0.8018370258505456,2025-04-04 11:32:31
94.3943943943944,0.802158470498398,2025-04-04 11:32:31
94.4944944944945,0.8031228044419549,2025-04-04 11:32:31
94.5945945945946,0.8044085830333643,2025-04-04 11:32:31
94.6946946946947,0.8050514723290689,2025-04-04 11:32:31
94.7947947947948,0.8166234796517529,2025-04-04 11:32:31
94.8948948948949,0.8134090331732295,2025-04-04 11:32:31
94.994994994995,0.8105160313425586,2025-04-04 11:32:31
95.0950950950951,0.8092302527511492,2025-04-04 11:32:31
95.1951951951952,0.8076230295118876,2025-04-04 11:32:31
95.2952952952953,0.8063372509204783,2025-04-04 11:32:31
95.3953953953954,0.8050514723290689,2025-04-04 11:32:31
95.4954954954955,0.8159805903560482,2025-04-04 11:32:31
95.5955955955956,0.8227309279609472,2025-04-04 11:32:31
95.6956956956957,0.8191950368345715,2025-04-04 11:32:31
95.7957957957958,0.8111589206382632,2025-04-04 11:32:31
95.8958958958959,0.8040871383855119,2025-04-04 11:32:31
95.995995995996,0.8018370258505456,2025-04-04 11:32:31
96.0960960960961,0.8031228044419549,2025-04-04 11:32:31
96.1961961961962,0.8040871383855119,2025-04-04 11:32:31
96.2962962962963,0.8053729169769213,2025-04-04 11:32:31
96.3963963963964,0.8040871383855119,2025-04-04 11:32:31
96.4964964964965,0.8179092582431622,2025-04-04 11:32:31
96.5965965965966,0.8124446992296726,2025-04-04 11:32:31
96.6966966966967,0.8098731420468539,2025-04-04 11:32:31
96.7967967967968,0.8089088081032969,2025-04-04 11:32:31
96.8968968968969,0.8076230295118876,2025-04-04 11:32:31
96.996996996997,0.8066586955683306,2025-04-04 11:32:31
97.0970970970971,0.8047300276812166,2025-04-04 11:32:31
97.1971971971972,0.8195164814824238,2025-04-04 11:32:31
97.2972972972973,0.8230523726087995,2025-04-04 11:32:31
97.3973973973974,0.8169449242996052,2025-04-04 11:32:31
97.4974974974975,0.8073015848640352,2025-04-04 11:32:31
97.5975975975976,0.8031228044419549,2025-04-04 11:32:31
97.6976976976977,0.8018370258505456,2025-04-04 11:32:31
97.7977977977978,0.8034442490898073,2025-04-04 11:32:31
97.8978978978979,0.8050514723290689,2025-04-04 11:32:31
97.997997997998,0.8053729169769213,2025-04-04 11:32:31
98.0980980980981,0.8101945866947062,2025-04-04 11:32:31
98.1981981981982,0.8191950368345715,2025-04-04 11:32:31
98.2982982982983,0.8111589206382632,2025-04-04 11:32:31
98.3983983983984,0.8092302527511492,2025-04-04 11:32:31
98.4984984984985,0.8089088081032969,2025-04-04 11:32:31
98.5985985985986,0.8079444741597399,2025-04-04 11:32:31
98.6986986986987,0.8066586955683306,2025-04-04 11:32:31
98.7987987987988,0.8089088081032969,2025-04-04 11:32:31
98.8988988988989,0.8111589206382632,2025-04-04 11:32:31
98.998998998999,0.8208022600738332,2025-04-04 11:32:31
99.0990990990991,0.8124446992296726,2025-04-04 11:32:31
99.1991991991992,0.8047300276812166,2025-04-04 11:32:31
99.2992992992993,0.802158470498398,2025-04-04 11:32:31
99.3993993993994,0.8034442490898073,2025-04-04 11:32:31
99.4994994994995,0.8040871383855119,2025-04-04 11:32:31
99.5995995995996,0.8053729169769213,2025-04-04 11:32:31
99.6996996996997,0.8056943616247736,2025-04-04 11:32:31
99.7997997997998,0.8163020350039005,2025-04-04 11:32:31
99.8998998998999,0.8153377010603435,2025-04-04 11:32:31
100.0,0.8111589206382632,2025-04-04 11:32:31
